feature,correlation
device_count,0.25969357244344504
user_count_per_device,0.25969357244344504
sex,0.0029887667159718117
country,0.0010799211442087213
purchase_value,0.0008614861177774083
age,0.0005488975923060369
browser,-0.0006326116249257679
source,-0.0031424033310276213
account_age_minutes,-0.0364712825602956
